text,label
 has paid his own way at thousands of hotels worldwide and published his impressions without fear or favor. We recently met him at a secure location in downtown Manhattan.,2
 an Italian club official says.,1
 police said.,0
 the threats from the Taliban ,0
 and those who enjoyed the original are in for a treat.,3
 the ones who have not had a moment's peace since alighting on the Fens.,1
 killing at least 10 on the third bloody day of a massive Israeli incursion into the ,0
 with the help of modern technology. Perhaps this might help those of you who have been planning on learning a language some day.  ,3
 AAA said.,2
 Padraig Harrington and David Howell are the only members of the European Ryder Cup team left in the Heritage Tournament at Woburn.,1
 there is a sheltered cove that has witnessed the full span of the human relationship with whales. ,3
 with free music and open-source software for all. Welcome to Brazil! By Julian Dibbell from Wired magazine.,3
 a move Major League Baseball  (MLB) called unacceptable.,1
 driven by an increase in room rates.,2
 Research) on Tuesday said quarterly earnings rose 13 percent and raised its profit forecast for the year as strong sales at its fast-food chains helped offset a run-up in commodity costs.,2
 genocidal past.,0
 but compensation changes for other Microsoft workers as stock grants replace options.\,3
  ground and freight services.,2
 two-month Xbox Live trial for \$149.99. Microsoft today announced the details of its Xbox holiday bundle.,3
 130km above planet Earth.,3
 but her battling effort may  still might not be enough to get her into the semifinals.,1
 concerns about\sluggish job growth and high energy prices.,2
 and both teams were satisfied.,1
 days after Coca-Cola Co.,2
 now trading as part of the Big Food Group.,2
000 supporters of the main opposition Awami League.,0
 a report said on Tuesday.,2
 recently visited ,2
 which benefited from the series of hurricanes that hit Florida and other parts of the Southeast US during the period.,2
 an international association that brings together some 220 consumer ,3
 apparently paving the way for Steve Spurrier to replace him.,1
 trapping as many as 166 miners in what could be the worst disaster to hit the worlds most dangerous mining industry in years.,0
 company executives boast about a  10 percent to 30 percent increase in performance and support for  Apple's Power Mac G5.,3
 but because it had some features and capabilities that its only real ...,3
 an Air Force official said on Tuesday.,3
 hospitals and in the home  countries of European tourists hit by the wave.,0
 as an overwhelming majority of the workers gave their leaders a green light to call a walkout.,2
 Muslim and Serb nationalists.,0
 grabbing Adrian Beltre off the free-agent market.,1
200 patients.,2
 the technology company said on Wednesday.,2
 citing civil defense officials.,0
 but Microsoft Corp.,3
 as Bolton caused one of the biggest surprises of the season so far.,1
 Research) on Thursday asked a court to impose wage and benefit cuts on its union employees to save ,2
 the source said on the condition of anonymity.,1
000 for illegal hits during last weekend's game with the Cleveland Browns.,1
 agreed to buy Barneys for \$400 million. Analysts have questions about the deal.,2
 adding it was well-placed to combat the threat of record high oil prices and fierce competition.,2
 mighty predators in the age of reptiles.,3
 a new product that helps users personalize their\Internet searches.,3
 but he dented Wall Street expectations by saying ,2
 and 18th in blocks.,1
 automatically opening a Web browser to display results on an Internet search site.,3
 boosted by investors betting ,2
 to build a brighter future.,1
 should not continue doing so. This is because the domestic market is going to grow into a huge opportunity ,3
 political analysts said on Tuesday.,0
 yesterday in Houston and move into the wild-card lead with their 12th straight win.,1
048) Tashkent Open tennis tournament.,1
 missing estimates.,2
 and J.J. Arrington ran for 188 ...,1
 fought their way into a  lawless slum in the Haitian capital on Tuesday in their first  attempt to end a killing spree by warring street gangs.,0
 a government official confirmed.,0
 it\said on Friday.,3
 partly because advertising sales increased at its cable-television networks including Fox News Channel.,2
 make online reservations at your favorite restaurant and pinpoint the best route around a traffic jam -- all from the comfort of your moving vehicle.,3
 a police official said.,0
 21-ton armored vehicles and American soldiers with black M-4 assault rifles stood between tens of thousands of people and their homes last week.,0
 or even convert Sao Tome dobras to Malawi kwacha.,3
 had ,3
 for killing dreaded forest ,0
 which comprise half of the global economy.,0
 but officials said  they had no clues to the motive.,0
 with Italian TV and radio running special bulletins through the night.,0
 decided to start forging a strategic partnership between the EU and India.,2
 Belgium - 10/07/04 - Whatever meager goodwill was gained by the move yesterday - albeit tardy - by Congress to act on the contentious Foreign Sales Corporation - Extraterritorial Income Act (FSC-ETI) export tax mechanism has ,2
 the natural gas company said on Thursday.,2
 told  Iraqi security forces on Sunday protecting their nation's  sovereignty was their duty.,0
 and may seek another delay of its annual meeting.,2
 visited Kabul on Nov. 22 and reiterated that the United States will continue to search for al-Qaida leader Osama bin Laden.,0
 Utah Coach Urban Meyer will meet his ,1
 upgrading hardware has been on businesses radar in the past 12 months as their number two priority.,3
 and can also listen to voicemail via e-mail. The service also offers an online calling log and online account management. ...,3
 an Oregon-based organization dedicated to boosting the growth and adoption of Linux in enterprises.,3
 physical and emotional compatibility. Add one more characteristic to the list: connectivity. Commentary by Regina Lynn.,3
 said Friday they had promised to release him. ,0
 according to a survey ,3
 high demand and unrest in key producers.,2
 a research group.,2
 boosted by higher sales and an income-tax gain. ,2
 officials said on Sunday.,0
 and it included some specific activities that were intended to prepare for the separation...,3
 according to a new Meta Group report.,3
 challenging the establishment candidate.,0
 leading ,1
 Oct 26 (Reuters) - Damien Martyn struck a dazzling 114 but injury-hit India clung on in the final session as Australia finished the opening day of the ,1
984 at Wrigley Field.,1
 Luke ,1
 which owns just over 15 percent of EADS and 31 percent of ,2
 and is waiting to see ,1
 the world's largest software maker said on\Thursday.,3
 said today that the division is facing a liquidity crisis due in part to its inability to pass on record high heating oil ,2
 it said on Monday.,3
 beating Jeff Maggert over 36 holes by a record 12 and 11.,1
 the companys virtual private network (VPN) solution leveraging ubiquitous Secure Socket Layer (SSL) technology.,3
 a mediocre number equals a down year.,1
000 Thailand Open.,1
 driving farmers from their homes days before a U.N. deadline to end the violence in the ravaged Darfur region.,0
 the U.S. Equal Employment Opportunity Commission (EEOC)  said on Wednesday.,2
 have the same agenda the last two weeks of the season ,1
 and remote security.,3
 even tech novices have started crowing about their digital video recorders.,2
 she was excited but politely declined.,0
 was forced to land at Stansted at 5.25am.,0
 opened in the West End of London.,3
 lower than the 59.8 percent expected on Wall Street...,0
 in part because of the results ongoing negotiations with the British government over the Eurofighter programme.,2
 chief investment officer of the ...,2
 would not say when he would collect the records.,0
 43-27-3. Comments: Think the Giants knew Ben Roethlisberger was available on draft day when they broke the bank and traded for Eli Manning? . . . All Big Ben has done this year is complete ...,1
 Ariz. -- Dale Earnhardt Jr.,1
 Microsoft may have unleashed the perfect OS for a home PC.,3
 the Labor Department said in a report released Tuesday. ,2
 received her award Friday to the beat of drums and ,0
 then learnt that would face old firm rivals Celtic in the third round of the Scottish Cup.,1
 and newsprint.,2
 Dallas ,1
 announced the release of three women and three infants...,0
 slightly higher\than its preliminary report but still toward the low end of its\forecast range.,2
 stirring up race hatred and possessing a terrorist document.,0
 said supporters of presidential candidate Viktor Yushchenko had withdrawn from talks on last week's disputed election.,0
 possible life on other worlds. And that's just for starters.,3
 scientists said Monday.,3
 and the U.K.,3
 who spoke on condition of anonymity...,0
 male smokers between the ages of 35 and 39 were almost five times as likely to have a nonfatal heart attack as were nonsmokers.,3
 somehow marshaling the energy to pull from eighth to third in the final few miles Sunday and earn the first US marathon medal in 20 years.,1
 with employees ordered to stay in their offices...,0
 scored 14 points and grabbed 10 rebounds to lead No. 21 Wisconsin to an 81-42 exhibition victory over Wisconsin-Parkside Wednesday night.,1
 erasing the  disappointment of June and bolstering hopes that the U.S.  economy has recovered from its recent soft spot.,2
 and because of medical issues he wants kept private.,1
 on Saturday.,1
 and Miss USA Nancy Randall was third.,1
 will force companies to subtract the option expense from earnings.,2
 yesterday.,1
 news and more in Nextels products.,3
 called MSN Spaces.,3
 to provide financial information about their pension and post-retirement healthcare plans.,2
 Research) rose 9 percent on Monday after the communications chipmaker said the effects of an inventory glut on its revenues should be short-lived.,3
 schools and businesses in Taipei\and nearby counties to close.,3
